,Symbol,Action,Expiry,Days To Expiry,Strike Price,Mid Price,Bid Price,Ask Price,Implied Volatility Rank,Earnings Date,Earnings Flag,Stock Price,Raw Return,Annualized Return,Distance To Strike
0,NAIL,Sell to Open,06/16/2023,37,$60.00,$2.97,$2.85,$3.10,8%,,N,$54.73,5.44%,53.62%,9.63%
1,KOLD,Sell to Open,06/23/2023,44,$122.00,$3.35,$3.20,$3.50,1%,,N,$82.11,4.08%,33.84%,48.58%
2,U,Sell to Open,06/23/2023,44,$35.00,$1.17,$1.08,$1.26,26%,05/10/2023,Y,$28.67,4.08%,33.85%,22.08%
3,CCL,Sell to Open,06/23/2023,44,$16.00,$0.37,$0.50,$0.25,2%,06/22/2023,Y,$10.48,3.58%,29.67%,52.6%
4,TZA,Sell to Open,06/23/2023,44,$45.00,$1.04,$0.91,$1.18,7%,,N,$33.58,3.11%,25.82%,34.03%
5,MDB,Sell to Open,06/23/2023,44,$320.00,$6.97,$6.60,$7.35,34%,06/01/2023,Y,$264.02,2.64%,21.92%,21.21%
6,VXX,Sell to Open,06/23/2023,44,$60.00,$0.99,$0.91,$1.07,31%,,N,$38.53,2.57%,21.31%,55.72%
7,COIN,Sell to Open,06/23/2023,44,$85.00,$1.48,$1.44,$1.52,0%,08/08/2023,N,$62.04,2.39%,19.79%,37.01%
8,JNUG,Sell to Open,06/23/2023,44,$60.00,$1.05,$0.80,$1.30,13%,,N,$45.18,2.32%,19.28%,32.8%
9,SOXL,Sell to Open,06/23/2023,44,$18.00,$0.32,$0.30,$0.35,6%,,N,$14.20,2.29%,18.99%,26.76%
10,DKNG,Sell to Open,06/23/2023,44,$28.00,$0.55,$0.51,$0.60,2%,08/04/2023,N,$24.39,2.28%,18.88%,14.8%
11,TAN,Sell to Open,06/23/2023,44,$74.50,$1.57,$0.40,$2.75,9%,,N,$69.78,2.26%,18.72%,6.76%
12,M,Sell to Open,06/23/2023,44,$17.50,$0.32,$0.30,$0.36,38%,06/01/2023,Y,$14.74,2.24%,18.57%,18.68%
13,RBLX,Sell to Open,06/23/2023,44,$45.00,$0.87,$0.84,$0.90,9%,05/10/2023,Y,$39.36,2.21%,18.34%,14.33%
14,PARA,Sell to Open,06/23/2023,44,$18.00,$0.34,$0.32,$0.37,30%,08/03/2023,N,$15.72,2.2%,18.21%,14.54%
15,NCLH,Sell to Open,06/23/2023,44,$16.00,$0.30,$0.27,$0.33,5%,08/08/2023,N,$13.97,2.15%,17.81%,14.53%
16,UCO,Sell to Open,06/23/2023,44,$29.00,$0.52,$0.45,$0.60,11%,,N,$24.38,2.15%,17.86%,18.95%
17,SQQQ,Sell to Open,06/23/2023,44,$39.00,$0.60,$0.55,$0.66,3%,,N,$28.54,2.12%,17.59%,36.67%
18,DOCU,Sell to Open,06/23/2023,44,$60.00,$1.05,$1.00,$1.11,28%,06/09/2023,Y,$49.86,2.12%,17.55%,20.33%
19,X,Sell to Open,06/23/2023,44,$24.00,$0.44,$0.42,$0.47,10%,07/27/2023,N,$21.15,2.1%,17.45%,13.48%
20,DDOG,Sell to Open,06/23/2023,44,$100.00,$1.68,$1.63,$1.74,2%,08/09/2023,N,$85.98,1.96%,16.26%,16.31%
21,RUN,Sell to Open,06/23/2023,44,$22.50,$0.33,$0.30,$0.37,20%,08/02/2023,N,$17.32,1.93%,16.05%,29.93%
22,CLF,Sell to Open,06/23/2023,44,$17.00,$0.28,$0.26,$0.30,11%,07/21/2023,N,$14.74,1.9%,15.75%,15.29%
23,TTD,Sell to Open,06/23/2023,44,$80.00,$1.22,$1.16,$1.29,27%,05/10/2023,Y,$65.32,1.88%,15.56%,22.47%
24,BILI,Sell to Open,06/23/2023,44,$25.50,$0.35,$0.32,$0.38,14%,05/10/2023,Y,$18.84,1.86%,15.41%,35.39%
25,SPXS,Sell to Open,06/23/2023,44,$24.00,$0.32,$0.25,$0.39,10%,,N,$17.60,1.82%,15.09%,36.4%
26,YETI,Sell to Open,06/23/2023,44,$50.00,$0.77,$0.65,$0.90,23%,05/11/2023,Y,$43.33,1.79%,14.84%,15.39%
27,PINS,Sell to Open,06/23/2023,44,$24.00,$0.37,$0.36,$0.39,1%,07/31/2023,N,$21.46,1.75%,14.49%,11.81%
28,TCOM,Sell to Open,06/16/2023,37,$36.00,$0.55,$0.50,$0.60,9%,05/17/2023,Y,$32.44,1.7%,16.72%,10.96%
29,AR,Sell to Open,06/23/2023,44,$24.50,$0.35,$0.32,$0.39,8%,07/26/2023,N,$21.02,1.69%,14.01%,16.58%
30,MT,Sell to Open,06/23/2023,44,$29.00,$0.45,$0.40,$0.50,12%,07/27/2023,N,$26.84,1.68%,13.91%,8.05%
31,GUSH,Sell to Open,06/16/2023,37,$134.00,$1.72,$1.65,$1.80,19%,,N,$105.55,1.63%,16.12%,26.95%
32,KMX,Sell to Open,06/23/2023,44,$85.00,$1.20,$1.10,$1.30,12%,06/23/2023,N,$73.53,1.63%,13.54%,15.6%
33,WMB,Sell to Open,06/23/2023,44,$30.00,$0.47,$0.40,$0.55,29%,07/31/2023,N,$29.06,1.63%,13.56%,3.25%
34,JNPR,Sell to Open,06/23/2023,44,$30.00,$0.47,$0.35,$0.60,6%,07/25/2023,N,$29.06,1.63%,13.56%,3.25%
35,NET,Sell to Open,06/23/2023,44,$60.00,$0.79,$0.73,$0.86,1%,08/03/2023,N,$49.19,1.62%,13.41%,21.98%
36,W,Sell to Open,06/23/2023,44,$50.00,$0.56,$0.50,$0.62,3%,08/03/2023,N,$35.30,1.59%,13.16%,41.62%
37,CHWY,Sell to Open,06/23/2023,44,$42.00,$0.53,$0.48,$0.59,18%,05/31/2023,Y,$33.73,1.59%,13.16%,24.5%
38,SNOW,Sell to Open,06/23/2023,44,$210.00,$2.73,$2.63,$2.83,17%,05/24/2023,Y,$171.72,1.59%,13.19%,22.3%
39,PDD,Sell to Open,06/23/2023,44,$76.00,$0.95,$0.88,$1.03,26%,05/25/2023,Y,$60.36,1.58%,13.12%,25.91%
40,NRG,Sell to Open,06/16/2023,37,$34.00,$0.50,$0.45,$0.55,45%,08/03/2023,N,$31.76,1.57%,15.53%,7.05%
41,MRO,Sell to Open,06/23/2023,44,$25.50,$0.35,$0.33,$0.37,16%,08/02/2023,N,$22.62,1.55%,12.84%,12.73%
42,FUTU,Sell to Open,06/23/2023,44,$52.00,$0.64,$0.55,$0.74,11%,05/18/2023,Y,$41.56,1.55%,12.88%,25.14%
43,FLEX,Sell to Open,06/16/2023,37,$23.00,$0.32,$0.30,$0.35,45%,05/10/2023,Y,$21.08,1.54%,15.21%,9.08%
44,JD,Sell to Open,06/23/2023,44,$43.00,$0.53,$0.50,$0.56,21%,05/11/2023,Y,$34.92,1.52%,12.59%,23.14%
45,NUGT,Sell to Open,06/23/2023,44,$65.00,$0.72,$0.60,$0.85,11%,,N,$47.96,1.51%,12.54%,35.52%
46,SE,Sell to Open,06/23/2023,44,$105.00,$1.28,$1.20,$1.36,17%,05/16/2023,Y,$85.59,1.5%,12.41%,22.68%
47,BTU,Sell to Open,06/23/2023,44,$27.00,$0.34,$0.30,$0.39,2%,07/27/2023,N,$23.12,1.49%,12.38%,16.81%
48,SU,Sell to Open,06/23/2023,44,$32.00,$0.43,$0.40,$0.47,18%,08/03/2023,N,$29.42,1.48%,12.27%,8.77%
49,CRWD,Sell to Open,06/23/2023,44,$160.00,$1.97,$1.90,$2.04,27%,05/31/2023,Y,$133.88,1.47%,12.21%,19.51%
50,TDOC,Sell to Open,06/23/2023,44,$30.00,$0.36,$0.32,$0.40,2%,07/26/2023,N,$24.72,1.46%,12.08%,21.36%
51,SPLK,Sell to Open,06/23/2023,44,$100.00,$1.25,$1.13,$1.37,23%,05/24/2023,Y,$85.83,1.46%,12.08%,16.51%
52,ROKU,Sell to Open,06/23/2023,44,$70.00,$0.80,$0.78,$0.83,1%,07/27/2023,N,$56.03,1.44%,11.92%,24.93%
53,DASH,Sell to Open,06/23/2023,44,$80.00,$0.98,$0.89,$1.07,0%,08/03/2023,N,$68.35,1.43%,11.89%,17.04%
54,FL,Sell to Open,06/23/2023,44,$46.00,$0.55,$0.50,$0.60,34%,05/19/2023,Y,$38.75,1.42%,11.77%,18.71%
55,OKTA,Sell to Open,06/23/2023,44,$95.00,$1.11,$1.00,$1.23,29%,05/31/2023,Y,$78.27,1.42%,11.82%,21.37%
56,ZM,Sell to Open,06/23/2023,44,$80.00,$0.89,$0.80,$0.99,26%,05/22/2023,Y,$64.18,1.39%,11.57%,24.64%
57,TWLO,Sell to Open,06/23/2023,44,$58.00,$0.67,$0.60,$0.74,49%,,N,$48.26,1.39%,11.52%,20.18%
58,SLV,Sell to Open,06/23/2023,44,$25.50,$0.32,$0.31,$0.33,27%,,N,$23.32,1.37%,11.38%,9.32%
59,TMV,Sell to Open,06/16/2023,37,$137.00,$1.54,$1.40,$1.70,15%,,N,$112.82,1.37%,13.55%,21.43%
60,CZR,Sell to Open,06/23/2023,44,$52.00,$0.60,$0.54,$0.67,7%,08/01/2023,N,$44.26,1.37%,11.34%,17.49%
61,SEDG,Sell to Open,06/23/2023,44,$355.00,$4.00,$3.70,$4.30,6%,08/01/2023,N,$294.25,1.36%,11.28%,20.65%
62,EWZ,Sell to Open,06/23/2023,44,$31.00,$0.39,$0.32,$0.46,21%,,N,$29.26,1.33%,11.06%,5.96%
63,SDS,Sell to Open,06/23/2023,44,$48.00,$0.52,$0.40,$0.65,10%,,N,$39.88,1.32%,10.92%,20.36%
64,ZS,Sell to Open,06/23/2023,44,$145.00,$1.54,$1.45,$1.64,22%,06/01/2023,Y,$117.62,1.31%,10.9%,23.28%
65,BABA,Sell to Open,06/23/2023,44,$100.00,$1.08,$1.03,$1.15,10%,05/18/2023,Y,$82.92,1.31%,10.9%,20.6%
66,DAL,Sell to Open,06/23/2023,44,$37.00,$0.43,$0.41,$0.46,13%,07/12/2023,N,$33.42,1.3%,10.8%,10.71%
67,SHOP,Sell to Open,06/23/2023,44,$77.00,$0.83,$0.81,$0.86,0%,07/26/2023,N,$64.40,1.3%,10.76%,19.57%
68,CSIQ,Sell to Open,06/23/2023,44,$45.00,$0.47,$0.35,$0.60,18%,05/18/2023,Y,$36.42,1.3%,10.82%,23.57%
69,ENPH,Sell to Open,06/23/2023,44,$195.00,$2.05,$2.01,$2.11,4%,07/25/2023,N,$160.25,1.29%,10.66%,21.68%
70,COPX,Sell to Open,06/16/2023,37,$42.00,$0.50,$0.45,$0.55,0%,,N,$39.00,1.28%,12.65%,7.69%
71,RH,Sell to Open,06/23/2023,44,$310.00,$3.35,$3.00,$3.70,27%,06/01/2023,Y,$262.14,1.28%,10.6%,18.26%
72,ERX,Sell to Open,06/23/2023,44,$64.00,$0.67,$0.45,$0.90,19%,,N,$52.75,1.28%,10.62%,21.33%
73,SARK,Sell to Open,06/23/2023,44,$49.50,$0.52,$0.30,$0.75,1%,,N,$41.43,1.27%,10.51%,19.48%
74,AA,Sell to Open,06/23/2023,44,$43.00,$0.45,$0.41,$0.50,12%,07/19/2023,N,$35.74,1.27%,10.56%,20.3%
75,APA,Sell to Open,06/23/2023,44,$39.00,$0.41,$0.39,$0.44,18%,08/02/2023,N,$32.84,1.26%,10.48%,18.74%
76,NVDA,Sell to Open,06/23/2023,44,$340.00,$3.62,$3.50,$3.75,22%,05/24/2023,Y,$287.81,1.26%,10.45%,18.13%
77,SQ,Sell to Open,06/23/2023,44,$69.00,$0.72,$0.70,$0.75,0%,08/03/2023,N,$57.53,1.26%,10.45%,19.94%
78,TTWO,Sell to Open,06/23/2023,44,$140.00,$1.55,$1.45,$1.66,41%,05/17/2023,Y,$124.04,1.25%,10.4%,12.87%
79,HPQ,Sell to Open,06/23/2023,44,$32.00,$0.37,$0.33,$0.41,27%,05/30/2023,Y,$29.74,1.24%,10.32%,7.62%
80,ON,Sell to Open,06/23/2023,44,$92.00,$0.98,$0.93,$1.04,7%,07/31/2023,N,$79.56,1.24%,10.27%,15.64%
81,WDC,Sell to Open,06/23/2023,44,$37.00,$0.40,$0.35,$0.46,7%,08/04/2023,N,$32.64,1.24%,10.29%,13.36%
82,AGQ,Sell to Open,06/16/2023,37,$45.00,$0.42,$0.40,$0.45,33%,,N,$34.32,1.24%,12.22%,31.12%
83,LI,Sell to Open,06/23/2023,44,$35.00,$0.35,$0.32,$0.39,8%,05/10/2023,Y,$28.70,1.24%,10.26%,21.93%
84,BALL,Sell to Open,06/16/2023,37,$60.00,$0.70,$0.65,$0.75,7%,08/09/2023,N,$56.46,1.24%,12.23%,6.27%
85,UPRO,Sell to Open,06/23/2023,44,$43.00,$0.47,$0.40,$0.55,10%,,N,$38.49,1.23%,10.24%,11.72%
86,AER,Sell to Open,06/16/2023,37,$60.00,$0.67,$0.55,$0.80,4%,08/10/2023,N,$55.05,1.23%,12.1%,8.99%
87,HAL,Sell to Open,06/23/2023,44,$34.00,$0.36,$0.33,$0.40,19%,07/25/2023,N,$29.58,1.23%,10.23%,14.92%
88,TEAM,Sell to Open,06/23/2023,44,$165.00,$1.67,$1.55,$1.80,4%,08/10/2023,N,$136.68,1.23%,10.17%,20.72%
89,ARKG,Sell to Open,06/23/2023,44,$34.50,$0.37,$0.30,$0.45,2%,,N,$30.70,1.22%,10.13%,12.36%
90,KWEB,Sell to Open,06/23/2023,44,$30.50,$0.32,$0.30,$0.35,6%,,N,$26.54,1.22%,10.16%,14.92%
91,GDXJ,Sell to Open,06/23/2023,44,$47.50,$0.50,$0.47,$0.54,10%,,N,$41.29,1.22%,10.15%,15.04%
92,AEM,Sell to Open,06/16/2023,37,$65.00,$0.72,$0.70,$0.75,15%,07/26/2023,N,$59.19,1.22%,12.08%,9.82%
93,EQT,Sell to Open,06/23/2023,44,$38.00,$0.39,$0.37,$0.41,17%,07/26/2023,N,$32.20,1.21%,10.05%,18.03%
94,MRVL,Sell to Open,06/23/2023,44,$48.00,$0.48,$0.46,$0.51,14%,05/25/2023,Y,$40.36,1.2%,9.97%,18.94%
95,ETSY,Sell to Open,06/23/2023,44,$112.00,$1.12,$1.02,$1.22,0%,07/26/2023,N,$93.98,1.19%,9.89%,19.17%
96,CAR,Sell to Open,06/23/2023,44,$200.00,$1.92,$1.40,$2.45,12%,07/31/2023,N,$163.23,1.18%,9.78%,22.53%
97,EOG,Sell to Open,06/23/2023,44,$125.00,$1.32,$1.25,$1.40,13%,08/03/2023,N,$112.17,1.18%,9.8%,11.44%
98,BILL,Sell to Open,06/23/2023,44,$125.00,$1.17,$1.05,$1.30,1%,08/17/2023,N,$99.56,1.18%,9.79%,25.55%
99,TSLA,Sell to Open,06/23/2023,44,$200.00,$1.98,$1.91,$2.06,3%,07/19/2023,N,$168.57,1.18%,9.77%,18.65%
100,FAS,Sell to Open,06/23/2023,44,$67.00,$0.65,$0.50,$0.80,18%,,N,$55.54,1.17%,9.71%,20.63%
101,SCHW,Sell to Open,06/23/2023,44,$55.00,$0.55,$0.50,$0.61,24%,07/18/2023,N,$47.48,1.17%,9.7%,15.84%
102,CTSH,Sell to Open,06/16/2023,37,$65.00,$0.72,$0.65,$0.80,12%,07/26/2023,N,$62.16,1.17%,11.51%,4.57%
103,TQQQ,Sell to Open,06/23/2023,44,$34.00,$0.32,$0.30,$0.36,4%,,N,$28.54,1.16%,9.59%,19.15%
104,CAG,Sell to Open,06/23/2023,44,$38.00,$0.42,$0.35,$0.50,17%,07/13/2023,N,$36.58,1.16%,9.64%,3.88%
105,RIO,Sell to Open,06/16/2023,37,$67.50,$0.72,$0.65,$0.80,10%,07/26/2023,N,$63.04,1.15%,11.35%,7.07%
106,TBT,Sell to Open,06/23/2023,44,$33.00,$0.32,$0.29,$0.37,12%,,N,$28.99,1.14%,9.44%,13.83%
107,TNA,Sell to Open,06/23/2023,44,$36.00,$0.32,$0.30,$0.36,8%,,N,$29.17,1.13%,9.38%,23.42%
108,ALGN,Sell to Open,06/23/2023,44,$350.00,$3.45,$2.70,$4.20,9%,07/26/2023,N,$304.86,1.13%,9.39%,14.8%
109,WDAY,Sell to Open,06/23/2023,44,$200.00,$2.00,$1.75,$2.26,21%,05/25/2023,Y,$178.46,1.12%,9.32%,12.07%
110,CCJ,Sell to Open,06/23/2023,44,$32.00,$0.31,$0.29,$0.34,4%,08/02/2023,N,$28.45,1.11%,9.19%,12.49%
111,FSLR,Sell to Open,06/23/2023,44,$210.00,$2.00,$1.88,$2.14,2%,07/27/2023,N,$180.47,1.11%,9.24%,16.36%
112,URI,Sell to Open,06/23/2023,44,$380.00,$3.70,$3.20,$4.20,41%,07/26/2023,N,$333.69,1.11%,9.2%,13.88%
113,KRE,Sell to Open,06/23/2023,44,$43.50,$0.41,$0.36,$0.46,49%,,N,$36.92,1.11%,9.21%,17.82%
114,SNAP,Sell to Open,06/23/2023,44,$11.00,$0.09,$0.09,$0.10,0%,07/27/2023,N,$8.58,1.11%,9.18%,28.21%
115,STM,Sell to Open,06/16/2023,37,$47.00,$0.47,$0.40,$0.55,4%,07/27/2023,N,$42.81,1.11%,10.95%,9.79%
116,AMD,Sell to Open,06/23/2023,44,$115.00,$1.07,$1.04,$1.11,11%,08/01/2023,N,$96.63,1.11%,9.23%,19.01%
117,TECK,Sell to Open,06/23/2023,44,$52.00,$0.49,$0.45,$0.53,13%,07/27/2023,N,$44.63,1.1%,9.11%,16.51%
118,MTCH,Sell to Open,06/23/2023,44,$38.00,$0.35,$0.32,$0.39,0%,08/01/2023,N,$32.26,1.1%,9.13%,17.77%
119,GSK,Sell to Open,06/23/2023,44,$38.00,$0.40,$0.30,$0.50,1%,07/26/2023,N,$36.48,1.1%,9.09%,4.15%
120,FIS,Sell to Open,06/16/2023,37,$60.00,$0.60,$0.55,$0.65,22%,08/03/2023,N,$54.74,1.1%,10.81%,9.61%
121,BIDU,Sell to Open,06/23/2023,44,$145.00,$1.31,$1.23,$1.39,18%,05/16/2023,Y,$118.82,1.1%,9.15%,22.03%
122,MGM,Sell to Open,06/23/2023,44,$47.00,$0.46,$0.41,$0.52,6%,08/02/2023,N,$42.61,1.09%,9.05%,10.3%
123,DELL,Sell to Open,06/23/2023,44,$51.00,$0.50,$0.40,$0.60,46%,06/01/2023,Y,$45.96,1.09%,9.02%,10.97%
124,RCL,Sell to Open,06/23/2023,44,$90.00,$0.84,$0.77,$0.91,9%,07/27/2023,N,$77.09,1.09%,9.04%,16.75%
125,ARKK,Sell to Open,06/23/2023,44,$44.00,$0.42,$0.40,$0.44,0%,,N,$38.70,1.09%,9%,13.7%
126,MPC,Sell to Open,06/23/2023,44,$125.00,$1.20,$1.16,$1.25,25%,08/01/2023,N,$112.10,1.07%,8.92%,11.51%
127,H,Sell to Open,06/16/2023,37,$125.00,$1.22,$1.15,$1.30,17%,08/08/2023,N,$114.48,1.07%,10.56%,9.19%
128,WFC,Sell to Open,06/23/2023,44,$42.00,$0.41,$0.38,$0.44,37%,07/14/2023,N,$38.24,1.07%,8.9%,9.85%
129,FEZ,Sell to Open,06/23/2023,44,$47.00,$0.49,$0.38,$0.60,3%,,N,$45.75,1.07%,8.88%,2.73%
130,CMCSA,Sell to Open,06/23/2023,44,$42.00,$0.41,$0.38,$0.45,11%,07/27/2023,N,$39.70,1.05%,8.67%,5.79%
131,GILD,Sell to Open,06/23/2023,44,$84.00,$0.81,$0.20,$1.43,45%,08/03/2023,N,$77.68,1.05%,8.7%,8.13%
132,NTES,Sell to Open,06/16/2023,37,$100.00,$0.92,$0.85,$1.00,14%,05/25/2023,Y,$88.39,1.05%,10.32%,13.13%
133,DVN,Sell to Open,06/23/2023,44,$55.00,$0.50,$0.48,$0.53,12%,08/01/2023,N,$48.13,1.05%,8.7%,14.27%
134,GM,Sell to Open,06/23/2023,44,$37.00,$0.34,$0.33,$0.36,19%,07/25/2023,N,$32.99,1.05%,8.68%,12.16%
135,AMZN,Sell to Open,06/23/2023,44,$120.00,$1.15,$1.14,$1.17,4%,07/27/2023,N,$109.69,1.05%,8.73%,9.4%
136,AMAT,Sell to Open,06/23/2023,44,$130.00,$1.19,$1.13,$1.25,11%,05/18/2023,Y,$115.04,1.03%,8.58%,13%
137,UAL,Sell to Open,06/23/2023,44,$52.00,$0.46,$0.43,$0.49,11%,07/19/2023,N,$44.77,1.03%,8.52%,16.15%
138,ABNB,Sell to Open,06/23/2023,44,$130.00,$1.16,$1.08,$1.25,38%,,N,$113.09,1.03%,8.55%,14.95%
139,MRNA,Sell to Open,06/23/2023,44,$155.00,$1.33,$1.18,$1.49,0%,08/03/2023,N,$130.97,1.02%,8.46%,18.35%
140,GNRC,Sell to Open,06/23/2023,44,$135.00,$1.14,$1.05,$1.25,6%,08/02/2023,N,$112.71,1.02%,8.46%,19.78%
141,MET,Sell to Open,06/23/2023,44,$57.00,$0.52,$0.40,$0.65,42%,08/02/2023,N,$51.64,1.02%,8.43%,10.39%
142,NUE,Sell to Open,06/23/2023,44,$155.00,$1.37,$1.22,$1.52,16%,07/20/2023,N,$136.29,1.01%,8.34%,13.73%
143,PYPL,Sell to Open,06/23/2023,44,$72.00,$0.63,$0.61,$0.65,0%,08/02/2023,N,$63.22,1%,8.27%,13.9%
144,PANW,Sell to Open,06/23/2023,44,$225.00,$2.00,$1.90,$2.10,32%,05/23/2023,Y,$199.18,1%,8.33%,12.96%
145,ARKW,Sell to Open,06/16/2023,37,$56.00,$0.50,$0.45,$0.55,1%,,N,$49.98,1%,9.87%,12.05%
146,LUV,Sell to Open,06/23/2023,44,$32.00,$0.29,$0.26,$0.32,16%,07/27/2023,N,$28.90,1%,8.32%,10.73%
147,DKS,Sell to Open,06/23/2023,44,$160.00,$1.37,$1.30,$1.45,25%,05/23/2023,Y,$138.84,0.99%,8.22%,15.24%
148,IYR,Sell to Open,06/23/2023,44,$89.00,$0.84,$0.59,$1.10,29%,,N,$84.98,0.99%,8.25%,4.73%
149,CRM,Sell to Open,06/23/2023,44,$230.00,$2.03,$1.96,$2.10,32%,05/31/2023,Y,$204.94,0.99%,8.22%,12.23%
150,STT,Sell to Open,06/16/2023,37,$75.00,$0.67,$0.60,$0.75,18%,07/14/2023,N,$68.40,0.99%,9.74%,9.65%
151,XBI,Sell to Open,06/23/2023,44,$95.00,$0.86,$0.79,$0.93,6%,,N,$87.07,0.99%,8.19%,9.11%
152,ALB,Sell to Open,06/23/2023,44,$230.00,$1.90,$1.70,$2.10,19%,08/02/2023,N,$193.51,0.98%,8.14%,18.86%
153,Z,Sell to Open,06/23/2023,44,$55.00,$0.46,$0.42,$0.51,2%,08/03/2023,N,$47.80,0.97%,8.07%,15.05%
154,MELI,Sell to Open,06/23/2023,44,"$1,480.00",$12.45,$8.50,$16.40,3%,08/02/2023,N,"$1,280.22",0.97%,8.07%,15.6%
155,BBY,Sell to Open,06/23/2023,44,$81.00,$0.69,$0.62,$0.77,21%,05/25/2023,Y,$71.67,0.97%,8.04%,13.02%
156,SHAK,Sell to Open,06/23/2023,44,$75.00,$0.62,$0.50,$0.75,4%,08/03/2023,N,$65.44,0.96%,7.92%,14.61%
157,UBER,Sell to Open,06/23/2023,44,$44.00,$0.37,$0.35,$0.39,3%,08/01/2023,N,$38.70,0.96%,7.93%,13.7%
158,CSCO,Sell to Open,06/23/2023,44,$50.00,$0.44,$0.42,$0.47,41%,05/17/2023,Y,$46.50,0.96%,7.94%,7.53%
159,DLTR,Sell to Open,06/23/2023,44,$172.50,$1.48,$1.36,$1.60,35%,05/25/2023,Y,$153.46,0.96%,8%,12.41%
160,BURL,Sell to Open,06/23/2023,44,$205.00,$1.65,$1.25,$2.05,32%,05/25/2023,Y,$171.38,0.96%,7.99%,19.62%
161,CB,Sell to Open,06/16/2023,37,$210.00,$1.92,$1.80,$2.05,26%,07/25/2023,N,$200.31,0.96%,9.48%,4.84%
162,SLB,Sell to Open,06/23/2023,44,$53.00,$0.44,$0.40,$0.48,22%,07/21/2023,N,$45.92,0.96%,7.95%,15.42%
163,C,Sell to Open,06/16/2023,37,$50.00,$0.44,$0.43,$0.45,25%,07/14/2023,N,$46.08,0.95%,9.42%,8.51%
164,CROX,Sell to Open,06/23/2023,44,$140.00,$1.10,$1.00,$1.20,11%,07/27/2023,N,$116.06,0.95%,7.86%,20.63%
165,INTC,Sell to Open,06/23/2023,44,$33.00,$0.28,$0.27,$0.29,18%,07/27/2023,N,$29.65,0.94%,7.83%,11.29%
166,SSO,Sell to Open,06/23/2023,44,$54.00,$0.47,$0.40,$0.55,10%,,N,$50.30,0.94%,7.83%,7.36%
167,CBRL,Sell to Open,06/16/2023,37,$110.00,$0.92,$0.85,$1.00,29%,06/07/2023,Y,$98.08,0.94%,9.3%,12.15%
168,GDX,Sell to Open,06/23/2023,44,$40.00,$0.32,$0.31,$0.34,12%,,N,$34.86,0.93%,7.73%,14.73%
169,LRCX,Sell to Open,06/23/2023,44,$590.00,$4.87,$4.45,$5.30,7%,07/26/2023,N,$524.58,0.93%,7.71%,12.47%
170,BX,Sell to Open,06/23/2023,44,$94.00,$0.76,$0.64,$0.88,22%,07/20/2023,N,$82.13,0.93%,7.68%,14.45%
171,XME,Sell to Open,06/23/2023,44,$53.00,$0.44,$0.30,$0.60,13%,,N,$48.39,0.93%,7.71%,9.53%
172,AEP,Sell to Open,06/16/2023,37,$95.00,$0.85,$0.80,$0.90,16%,08/02/2023,N,$91.23,0.93%,9.19%,4.13%
173,CMI,Sell to Open,06/16/2023,37,$230.00,$1.97,$1.85,$2.10,35%,08/01/2023,N,$215.41,0.92%,9.04%,6.77%
174,EXPE,Sell to Open,06/23/2023,44,$104.00,$0.84,$0.76,$0.92,2%,08/03/2023,N,$91.47,0.92%,7.62%,13.7%
175,EBAY,Sell to Open,06/23/2023,44,$49.00,$0.42,$0.38,$0.46,7%,08/02/2023,N,$45.54,0.92%,7.65%,7.59%
176,WPM,Sell to Open,06/23/2023,44,$58.00,$0.47,$0.40,$0.55,20%,08/10/2023,N,$51.46,0.92%,7.66%,12.71%
177,FIVE,Sell to Open,06/23/2023,44,$230.00,$1.82,$1.25,$2.40,23%,06/07/2023,Y,$198.22,0.92%,7.64%,16.04%
178,XOP,Sell to Open,06/23/2023,44,$135.00,$1.08,$1.03,$1.13,17%,,N,$119.16,0.91%,7.52%,13.29%
179,INTU,Sell to Open,06/23/2023,44,$485.00,$3.90,$3.50,$4.30,23%,05/23/2023,Y,$428.60,0.91%,7.55%,13.16%
180,PNC,Sell to Open,06/23/2023,44,$130.00,$1.02,$0.85,$1.20,41%,07/18/2023,N,$114.48,0.9%,7.43%,13.56%
181,NEM,Sell to Open,06/23/2023,44,$54.00,$0.43,$0.40,$0.46,16%,07/24/2023,N,$47.71,0.9%,7.48%,13.18%
182,FDX,Sell to Open,06/23/2023,44,$250.00,$2.04,$1.93,$2.16,10%,06/20/2023,Y,$226.39,0.9%,7.49%,10.43%
183,ITW,Sell to Open,06/16/2023,37,$240.00,$2.04,$1.95,$2.15,25%,08/02/2023,N,$227.04,0.9%,8.91%,5.71%
184,LULU,Sell to Open,06/23/2023,44,$430.00,$3.40,$3.20,$3.60,31%,06/01/2023,Y,$379.36,0.9%,7.43%,13.35%
185,CF,Sell to Open,06/23/2023,44,$78.00,$0.60,$0.50,$0.70,16%,08/02/2023,N,$67.53,0.89%,7.37%,15.5%
186,VEEV,Sell to Open,06/16/2023,37,$200.00,$1.57,$1.40,$1.75,22%,05/31/2023,Y,$177.54,0.89%,8.75%,12.65%
187,FCX,Sell to Open,06/23/2023,44,$42.00,$0.32,$0.30,$0.34,12%,07/20/2023,N,$36.04,0.89%,7.37%,16.55%
188,COF,Sell to Open,06/23/2023,44,$99.00,$0.77,$0.70,$0.85,33%,07/20/2023,N,$86.84,0.89%,7.4%,14%
189,META,Sell to Open,06/23/2023,44,$260.00,$2.05,$2.03,$2.08,1%,07/26/2023,N,$233.14,0.88%,7.31%,11.52%
190,FXC,Sell to Open,06/16/2023,37,$73.00,$0.67,$0.55,$0.80,5%,,N,$73.03,0.88%,8.71%,-0.04%
191,WM,Sell to Open,06/23/2023,44,$175.00,$1.50,$1.30,$1.70,2%,07/26/2023,N,$169.87,0.88%,7.33%,3.02%
192,STX,Sell to Open,06/23/2023,44,$64.00,$0.50,$0.43,$0.57,12%,07/20/2023,N,$57.08,0.88%,7.27%,12.13%
193,AFL,Sell to Open,06/23/2023,44,$70.00,$0.57,$0.35,$0.80,18%,08/01/2023,N,$66.47,0.87%,7.18%,5.31%
194,DFS,Sell to Open,06/23/2023,44,$106.00,$0.82,$0.70,$0.95,31%,07/19/2023,N,$95.10,0.87%,7.2%,11.46%
195,KLAC,Sell to Open,06/23/2023,44,$430.00,$3.30,$2.90,$3.70,7%,07/27/2023,N,$385.08,0.86%,7.11%,11.67%
196,ANET,Sell to Open,06/23/2023,44,$155.00,$1.20,$1.05,$1.35,3%,07/31/2023,N,$139.76,0.86%,7.12%,10.9%
197,PXD,Sell to Open,06/23/2023,44,$235.00,$1.80,$1.25,$2.35,22%,08/01/2023,N,$209.40,0.86%,7.13%,12.22%
198,MOS,Sell to Open,06/23/2023,44,$43.00,$0.31,$0.26,$0.37,18%,07/31/2023,N,$36.64,0.86%,7.13%,17.34%
199,DIS,Sell to Open,06/23/2023,44,$114.00,$0.87,$0.85,$0.89,26%,05/10/2023,Y,$101.07,0.86%,7.14%,12.79%
200,AIG,Sell to Open,06/23/2023,44,$58.00,$0.45,$0.35,$0.55,32%,08/08/2023,N,$52.84,0.85%,7.06%,9.77%
201,TER,Sell to Open,06/16/2023,37,$100.00,$0.77,$0.70,$0.85,7%,07/25/2023,N,$90.78,0.85%,8.42%,10.16%
202,NFLX,Sell to Open,06/23/2023,44,$375.00,$2.82,$2.60,$3.05,2%,07/18/2023,N,$333.39,0.85%,7.03%,12.48%
203,RS,Sell to Open,06/16/2023,37,$260.00,$2.04,$1.90,$2.20,17%,07/27/2023,N,$240.33,0.85%,8.41%,8.18%
204,NEE,Sell to Open,06/16/2023,37,$80.00,$0.64,$0.60,$0.70,4%,07/20/2023,N,$76.39,0.85%,8.39%,4.73%
205,HES,Sell to Open,06/23/2023,44,$155.00,$1.14,$0.95,$1.35,16%,07/26/2023,N,$134.96,0.85%,7.07%,14.85%
206,SCHP,Sell to Open,06/16/2023,37,$54.00,$0.45,$0.40,$0.50,32%,,N,$53.38,0.84%,8.32%,1.17%
207,NOW,Sell to Open,06/23/2023,44,$510.00,$3.80,$3.50,$4.10,3%,07/26/2023,N,$454.89,0.84%,6.93%,12.12%
208,OXY,Sell to Open,06/23/2023,44,$65.00,$0.47,$0.44,$0.51,9%,,N,$56.86,0.84%,6.93%,14.32%
209,LOW,Sell to Open,06/23/2023,44,$225.00,$1.72,$1.58,$1.86,33%,05/23/2023,Y,$203.64,0.84%,7.01%,10.49%
210,OKE,Sell to Open,06/16/2023,37,$67.50,$0.52,$0.45,$0.60,12%,08/07/2023,N,$63.04,0.83%,8.22%,7.07%
211,MU,Sell to Open,06/23/2023,44,$69.00,$0.49,$0.46,$0.53,5%,06/29/2023,N,$60.24,0.82%,6.82%,14.55%
212,PSX,Sell to Open,06/23/2023,44,$105.00,$0.77,$0.70,$0.85,16%,07/28/2023,N,$94.28,0.82%,6.82%,11.37%
213,RL,Sell to Open,06/16/2023,37,$125.00,$0.90,$0.75,$1.05,21%,05/25/2023,Y,$109.22,0.82%,8.13%,14.45%
214,ADSK,Sell to Open,06/23/2023,44,$225.00,$1.60,$1.35,$1.85,27%,05/25/2023,Y,$196.30,0.82%,6.76%,14.62%
215,OIH,Sell to Open,06/23/2023,44,$300.00,$2.10,$2.00,$2.20,17%,,N,$259.65,0.81%,6.71%,15.54%
216,ULTA,Sell to Open,06/23/2023,44,$560.00,$4.05,$3.60,$4.50,34%,05/25/2023,Y,$502.10,0.81%,6.69%,11.53%
217,ROST,Sell to Open,06/23/2023,44,$114.00,$0.82,$0.75,$0.90,37%,05/18/2023,Y,$101.87,0.81%,6.72%,11.91%
218,UDOW,Sell to Open,06/16/2023,37,$63.00,$0.45,$0.40,$0.50,14%,,N,$55.55,0.81%,7.99%,13.41%
219,USO,Sell to Open,06/23/2023,44,$72.00,$0.51,$0.47,$0.56,13%,,N,$64.21,0.8%,6.65%,12.13%
220,SO,Sell to Open,06/23/2023,44,$78.00,$0.60,$0.50,$0.70,10%,07/27/2023,N,$75.16,0.8%,6.62%,3.77%
221,NXPI,Sell to Open,06/23/2023,44,$185.00,$1.32,$1.15,$1.50,4%,07/24/2023,N,$165.22,0.8%,6.65%,11.97%
222,F,Sell to Open,06/23/2023,44,$13.50,$0.09,$0.09,$0.10,2%,07/27/2023,N,$11.82,0.8%,6.67%,14.26%
223,ADBE,Sell to Open,06/23/2023,44,$390.00,$2.73,$2.58,$2.88,13%,06/15/2023,Y,$346.00,0.79%,6.55%,12.72%
224,LEN,Sell to Open,06/23/2023,44,$127.00,$0.89,$0.60,$1.20,5%,06/20/2023,Y,$114.01,0.79%,6.55%,11.39%
225,SWKS,Sell to Open,06/23/2023,44,$109.00,$0.77,$0.70,$0.85,0%,08/03/2023,N,$98.31,0.79%,6.54%,10.87%
226,GE,Sell to Open,06/23/2023,44,$109.00,$0.78,$0.73,$0.84,13%,07/25/2023,N,$99.32,0.79%,6.56%,9.74%
227,VGLT,Sell to Open,06/16/2023,37,$67.00,$0.50,$0.40,$0.60,16%,,N,$64.41,0.78%,7.66%,4.02%
228,ASML,Sell to Open,06/23/2023,44,$730.00,$5.09,$4.30,$5.90,1%,07/19/2023,N,$656.93,0.78%,6.44%,11.12%
229,SYK,Sell to Open,06/16/2023,37,$300.00,$2.22,$2.05,$2.40,5%,07/25/2023,N,$285.48,0.78%,7.69%,5.09%
230,KBH,Sell to Open,06/16/2023,37,$50.00,$0.35,$0.30,$0.40,6%,06/21/2023,N,$45.15,0.78%,7.65%,10.74%
231,APO,Sell to Open,06/23/2023,44,$72.00,$0.50,$0.40,$0.60,23%,,N,$63.93,0.78%,6.49%,12.62%
232,AVGO,Sell to Open,06/23/2023,44,$685.00,$4.80,$4.50,$5.10,31%,06/01/2023,Y,$623.68,0.77%,6.38%,9.83%
233,TSM,Sell to Open,06/23/2023,44,$93.00,$0.65,$0.62,$0.69,4%,07/20/2023,N,$84.55,0.77%,6.43%,9.99%
234,QCOM,Sell to Open,06/23/2023,44,$117.00,$0.82,$0.75,$0.89,8%,08/02/2023,N,$106.19,0.77%,6.41%,10.18%
235,ORCL,Sell to Open,06/23/2023,44,$106.00,$0.74,$0.68,$0.81,7%,06/12/2023,Y,$97.26,0.77%,6.35%,8.98%
236,A,Sell to Open,06/16/2023,37,$140.00,$0.97,$0.90,$1.05,28%,05/23/2023,Y,$127.28,0.77%,7.56%,9.99%
237,TD,Sell to Open,06/16/2023,37,$65.00,$0.47,$0.40,$0.55,33%,05/25/2023,Y,$61.30,0.77%,7.64%,6.04%
238,LNG,Sell to Open,06/23/2023,44,$165.00,$1.12,$0.95,$1.30,0%,08/03/2023,N,$148.60,0.76%,6.28%,11.04%
239,TXN,Sell to Open,06/23/2023,44,$175.00,$1.24,$1.19,$1.29,9%,07/25/2023,N,$162.25,0.76%,6.34%,7.86%
240,MNST,Sell to Open,06/16/2023,37,$62.50,$0.45,$0.40,$0.50,9%,08/03/2023,N,$59.25,0.76%,7.49%,5.49%
241,PLTR,Sell to Open,06/23/2023,44,$14.00,$0.07,$0.06,$0.09,15%,08/07/2023,N,$9.97,0.75%,6.24%,40.42%
242,WYNN,Sell to Open,06/23/2023,44,$125.00,$0.82,$0.73,$0.92,10%,,N,$110.36,0.75%,6.2%,13.27%
243,SWK,Sell to Open,06/16/2023,37,$90.00,$0.60,$0.55,$0.65,13%,08/03/2023,N,$80.40,0.75%,7.36%,11.95%
244,HRL,Sell to Open,06/23/2023,44,$43.00,$0.30,$0.20,$0.40,35%,06/01/2023,Y,$40.20,0.75%,6.19%,6.97%
245,KR,Sell to Open,06/23/2023,44,$53.00,$0.36,$0.32,$0.41,5%,06/15/2023,Y,$48.76,0.75%,6.21%,8.71%
246,DE,Sell to Open,06/23/2023,44,$425.00,$2.83,$2.51,$3.15,42%,05/19/2023,Y,$379.02,0.75%,6.19%,12.13%
247,PHM,Sell to Open,06/23/2023,44,$74.00,$0.50,$0.40,$0.60,3%,07/25/2023,N,$67.60,0.74%,6.14%,9.48%
248,MAR,Sell to Open,06/23/2023,44,$190.00,$1.27,$1.15,$1.40,4%,08/01/2023,N,$174.94,0.73%,6.05%,8.61%
249,ATVI,Sell to Open,06/23/2023,44,$83.00,$0.54,$0.41,$0.69,27%,07/31/2023,N,$75.87,0.72%,6.01%,9.4%
250,TRGP,Sell to Open,06/16/2023,37,$77.50,$0.50,$0.40,$0.60,11%,08/03/2023,N,$70.75,0.71%,6.97%,9.54%
251,QLD,Sell to Open,06/16/2023,37,$56.00,$0.35,$0.30,$0.40,3%,,N,$50.10,0.7%,6.89%,11.78%
252,TMO,Sell to Open,06/23/2023,44,$580.00,$3.75,$1.90,$5.60,28%,07/27/2023,N,$533.59,0.7%,5.83%,8.7%
253,CVX,Sell to Open,06/23/2023,44,$170.00,$1.10,$1.04,$1.16,18%,07/28/2023,N,$156.93,0.7%,5.81%,8.33%
254,HUM,Sell to Open,06/23/2023,44,$575.00,$3.72,$2.25,$5.20,18%,08/02/2023,N,$528.54,0.7%,5.85%,8.79%
255,SPOT,Sell to Open,06/23/2023,44,$170.00,$1.02,$0.95,$1.10,3%,07/26/2023,N,$146.82,0.7%,5.79%,15.79%
256,XLE,Sell to Open,06/23/2023,44,$87.00,$0.55,$0.52,$0.58,14%,,N,$79.35,0.69%,5.75%,9.64%
257,CAT,Sell to Open,06/23/2023,44,$235.00,$1.46,$1.33,$1.59,23%,08/01/2023,N,$211.46,0.69%,5.73%,11.13%
258,TROW,Sell to Open,06/23/2023,44,$117.00,$0.72,$0.55,$0.90,14%,07/27/2023,N,$105.70,0.69%,5.69%,10.69%
259,LVS,Sell to Open,06/23/2023,44,$70.00,$0.43,$0.39,$0.47,11%,07/19/2023,N,$62.02,0.69%,5.75%,12.88%
260,SMH,Sell to Open,06/23/2023,44,$135.00,$0.85,$0.82,$0.89,7%,,N,$123.76,0.69%,5.73%,9.08%
261,DLR,Sell to Open,06/16/2023,37,$110.00,$0.67,$0.60,$0.75,51%,07/27/2023,N,$98.54,0.69%,6.76%,11.63%
262,HD,Sell to Open,06/23/2023,44,$315.00,$1.99,$1.88,$2.11,34%,05/16/2023,Y,$288.12,0.69%,5.74%,9.33%
263,XLC,Sell to Open,06/23/2023,44,$62.00,$0.40,$0.30,$0.50,8%,,N,$58.91,0.68%,5.63%,5.25%
264,XOM,Sell to Open,06/23/2023,44,$118.00,$0.73,$0.71,$0.75,18%,07/28/2023,N,$107.60,0.68%,5.63%,9.67%
265,O,Sell to Open,06/16/2023,37,$65.00,$0.42,$0.40,$0.45,16%,08/03/2023,N,$62.44,0.68%,6.71%,4.1%
266,REMX,Sell to Open,06/16/2023,37,$92.00,$0.57,$0.50,$0.65,5%,,N,$84.25,0.68%,6.73%,9.2%
267,ETN,Sell to Open,06/16/2023,37,$180.00,$1.14,$1.00,$1.30,19%,08/01/2023,N,$168.58,0.68%,6.73%,6.77%
268,BHP,Sell to Open,06/16/2023,37,$65.00,$0.40,$0.35,$0.45,5%,08/21/2023,N,$59.44,0.67%,6.64%,9.35%
269,TGT,Sell to Open,06/23/2023,44,$180.00,$1.04,$0.98,$1.11,53%,05/17/2023,Y,$156.78,0.67%,5.53%,14.81%
270,NKE,Sell to Open,06/23/2023,44,$135.00,$0.82,$0.73,$0.92,12%,06/26/2023,N,$123.24,0.67%,5.55%,9.54%
271,DHI,Sell to Open,06/23/2023,44,$120.00,$0.72,$0.65,$0.80,5%,07/20/2023,N,$108.64,0.67%,5.54%,10.46%
272,BKNG,Sell to Open,06/23/2023,44,"$2,860.00",$17.25,$12.30,$22.20,4%,08/02/2023,N,"$2,625.26",0.66%,5.45%,8.94%
273,FNV,Sell to Open,06/16/2023,37,$175.00,$1.04,$0.95,$1.15,6%,08/09/2023,N,$158.78,0.66%,6.52%,10.22%
274,PCAR,Sell to Open,06/16/2023,37,$77.50,$0.47,$0.45,$0.50,32%,07/25/2023,N,$72.03,0.66%,6.51%,7.59%
275,SPG,Sell to Open,06/16/2023,37,$115.00,$0.70,$0.65,$0.75,30%,07/31/2023,N,$106.60,0.66%,6.48%,7.88%
276,WHR,Sell to Open,06/23/2023,44,$147.00,$0.87,$0.65,$1.10,11%,07/24/2023,N,$133.10,0.66%,5.45%,10.44%
277,AON,Sell to Open,06/16/2023,37,$350.00,$2.20,$1.95,$2.45,6%,07/28/2023,N,$333.41,0.66%,6.51%,4.98%
278,REGN,Sell to Open,06/23/2023,44,$810.00,$4.95,$3.00,$6.90,3%,08/02/2023,N,$748.81,0.66%,5.48%,8.17%
279,KO,Sell to Open,06/23/2023,44,$65.00,$0.42,$0.39,$0.45,13%,07/26/2023,N,$63.26,0.66%,5.51%,2.74%
280,CAH,Sell to Open,06/23/2023,44,$92.00,$0.55,$0.35,$0.75,16%,08/10/2023,N,$84.79,0.65%,5.38%,8.5%
281,PGR,Sell to Open,06/16/2023,37,$145.00,$0.87,$0.80,$0.95,46%,07/14/2023,N,$134.22,0.65%,6.43%,8.03%
282,LIT,Sell to Open,06/16/2023,37,$66.00,$0.40,$0.35,$0.45,9%,,N,$61.52,0.65%,6.41%,7.28%
283,VGK,Sell to Open,06/16/2023,37,$65.00,$0.40,$0.30,$0.50,5%,,N,$62.88,0.64%,6.28%,3.37%
284,XRT,Sell to Open,06/23/2023,44,$67.00,$0.39,$0.34,$0.44,22%,,N,$61.16,0.64%,5.29%,9.55%
285,IYW,Sell to Open,06/16/2023,37,$99.00,$0.60,$0.45,$0.75,2%,,N,$94.01,0.64%,6.3%,5.31%
286,EMR,Sell to Open,06/23/2023,44,$89.00,$0.52,$0.40,$0.65,14%,08/09/2023,N,$82.38,0.64%,5.29%,8.04%
287,ELV,Sell to Open,06/23/2023,44,$495.00,$2.95,$1.10,$4.80,39%,07/19/2023,N,$458.00,0.64%,5.34%,8.08%
288,RACE,Sell to Open,06/23/2023,44,$315.00,$1.87,$1.55,$2.20,1%,08/02/2023,N,$291.76,0.64%,5.33%,7.97%
289,COST,Sell to Open,06/23/2023,44,$535.00,$3.19,$2.98,$3.40,14%,05/25/2023,Y,$497.30,0.64%,5.32%,7.58%
290,CVS,Sell to Open,06/23/2023,44,$76.00,$0.44,$0.40,$0.49,27%,08/02/2023,N,$69.51,0.64%,5.31%,9.34%
291,LOGI,Sell to Open,06/16/2023,37,$70.00,$0.40,$0.35,$0.45,2%,07/24/2023,N,$63.81,0.63%,6.18%,9.7%
292,IHI,Sell to Open,06/16/2023,37,$58.00,$0.35,$0.30,$0.40,12%,,N,$55.63,0.63%,6.21%,4.26%
293,EL,Sell to Open,06/16/2023,37,$220.00,$1.27,$1.15,$1.40,7%,08/18/2023,N,$200.97,0.63%,6.26%,9.47%
294,TMUS,Sell to Open,06/23/2023,44,$150.00,$0.89,$0.80,$0.98,8%,07/26/2023,N,$141.66,0.63%,5.21%,5.89%
295,BMY,Sell to Open,06/23/2023,44,$72.00,$0.42,$0.35,$0.50,12%,07/27/2023,N,$68.34,0.62%,5.16%,5.36%
296,CLX,Sell to Open,06/23/2023,44,$180.00,$1.05,$0.80,$1.30,0%,08/03/2023,N,$169.14,0.62%,5.15%,6.42%
297,PRU,Sell to Open,06/16/2023,37,$87.50,$0.50,$0.45,$0.55,34%,08/01/2023,N,$80.09,0.62%,6.16%,9.25%
298,DOW,Sell to Open,06/23/2023,44,$58.00,$0.33,$0.27,$0.39,20%,07/25/2023,N,$53.32,0.62%,5.13%,8.78%
299,ADI,Sell to Open,06/23/2023,44,$200.00,$1.12,$1.00,$1.25,21%,05/24/2023,Y,$180.87,0.62%,5.16%,10.58%
300,EFA,Sell to Open,06/23/2023,44,$75.00,$0.45,$0.38,$0.53,11%,,N,$73.32,0.62%,5.15%,2.29%
301,D,Sell to Open,06/16/2023,37,$60.00,$0.35,$0.30,$0.40,47%,08/07/2023,N,$56.30,0.62%,6.13%,6.58%
302,SHEL,Sell to Open,06/23/2023,44,$66.00,$0.37,$0.30,$0.45,11%,07/27/2023,N,$61.04,0.61%,5.1%,8.13%
303,GOOG,Sell to Open,06/23/2023,44,$125.00,$0.68,$0.66,$0.70,8%,07/25/2023,N,$112.01,0.61%,5.04%,11.6%
304,BA,Sell to Open,06/23/2023,44,$225.00,$1.22,$1.15,$1.30,9%,07/26/2023,N,$199.86,0.61%,5.08%,12.58%
305,LYV,Sell to Open,06/16/2023,37,$87.50,$0.47,$0.40,$0.55,0%,08/03/2023,N,$78.34,0.61%,5.98%,11.69%
306,MCHP,Sell to Open,06/16/2023,37,$82.50,$0.45,$0.40,$0.50,7%,08/01/2023,N,$73.86,0.61%,6.01%,11.7%
307,MMM,Sell to Open,06/23/2023,44,$109.00,$0.61,$0.58,$0.65,34%,07/25/2023,N,$100.26,0.61%,5.09%,8.71%
308,FISV,Sell to Open,06/23/2023,44,$128.00,$0.72,$0.55,$0.90,17%,07/25/2023,N,$118.12,0.61%,5.09%,8.37%
309,AZN,Sell to Open,06/23/2023,44,$81.00,$0.46,$0.38,$0.54,20%,07/28/2023,N,$74.81,0.61%,5.1%,8.27%
310,COTY,Sell to Open,06/23/2023,44,$13.50,$0.07,$0.03,$0.11,5%,,N,$11.68,0.6%,4.97%,15.58%
311,MA,Sell to Open,06/23/2023,44,$405.00,$2.28,$2.16,$2.41,8%,07/27/2023,N,$380.70,0.6%,4.98%,6.38%
312,YCS,Sell to Open,06/16/2023,37,$62.00,$0.35,$0.30,$0.40,15%,,N,$58.23,0.6%,5.93%,6.47%
313,ISRG,Sell to Open,06/23/2023,44,$335.00,$1.79,$1.05,$2.55,10%,07/20/2023,N,$301.99,0.6%,4.94%,10.93%
314,GLD,Sell to Open,06/30/2023,51,$205.00,$1.11,$1.10,$1.12,49%,,N,$188.79,0.59%,4.21%,8.59%
315,VO,Sell to Open,06/16/2023,37,$215.00,$1.22,$1.15,$1.30,16%,,N,$206.08,0.59%,5.86%,4.33%
316,XLU,Sell to Open,06/23/2023,44,$72.00,$0.41,$0.37,$0.45,10%,,N,$69.05,0.59%,4.93%,4.27%
317,DD,Sell to Open,06/23/2023,44,$70.00,$0.37,$0.30,$0.45,18%,08/01/2023,N,$63.78,0.59%,4.88%,9.75%
318,FANG,Sell to Open,06/16/2023,37,$150.00,$0.77,$0.70,$0.85,16%,07/31/2023,N,$131.04,0.59%,5.83%,14.47%
319,ITB,Sell to Open,06/23/2023,44,$82.50,$0.45,$0.40,$0.50,6%,,N,$75.78,0.59%,4.93%,8.87%
320,COP,Sell to Open,06/23/2023,44,$115.00,$0.59,$0.55,$0.64,15%,08/03/2023,N,$100.30,0.59%,4.92%,14.66%
321,MS,Sell to Open,06/23/2023,44,$92.00,$0.49,$0.45,$0.54,22%,07/18/2023,N,$83.47,0.59%,4.92%,10.22%
322,CI,Sell to Open,06/23/2023,44,$285.00,$1.55,$1.00,$2.10,25%,08/03/2023,N,$263.87,0.59%,4.87%,8.01%
323,VDE,Sell to Open,06/16/2023,37,$120.00,$0.65,$0.45,$0.85,19%,,N,$109.41,0.59%,5.86%,9.68%
324,CP,Sell to Open,06/16/2023,37,$87.50,$0.47,$0.30,$0.65,7%,07/27/2023,N,$81.51,0.58%,5.75%,7.35%
325,DPZ,Sell to Open,06/23/2023,44,$335.00,$1.77,$1.40,$2.15,7%,07/20/2023,N,$305.63,0.58%,4.82%,9.61%
326,JPM,Sell to Open,06/23/2023,44,$147.00,$0.78,$0.74,$0.83,25%,07/14/2023,N,$135.72,0.58%,4.8%,8.31%
327,SPGI,Sell to Open,06/23/2023,44,$390.00,$2.10,$1.45,$2.75,15%,08/01/2023,N,$361.29,0.58%,4.82%,7.95%
328,TSCO,Sell to Open,06/23/2023,44,$265.00,$1.40,$0.90,$1.90,3%,07/27/2023,N,$243.74,0.57%,4.76%,8.72%
329,EDV,Sell to Open,06/16/2023,37,$95.00,$0.50,$0.40,$0.60,15%,,N,$86.98,0.57%,5.67%,9.22%
330,CMG,Sell to Open,06/23/2023,44,"$2,220.00",$11.55,$10.40,$12.70,2%,07/25/2023,N,"$2,043.90",0.57%,4.69%,8.62%
331,TJX,Sell to Open,06/23/2023,44,$85.00,$0.44,$0.40,$0.49,23%,05/17/2023,Y,$77.58,0.57%,4.76%,9.56%
332,DG,Sell to Open,06/23/2023,44,$240.00,$1.22,$1.05,$1.40,27%,06/01/2023,Y,$216.92,0.56%,4.68%,10.64%
333,QQQM,Sell to Open,06/16/2023,37,$140.00,$0.75,$0.65,$0.85,3%,,N,$133.34,0.56%,5.55%,5%
334,LIN,Sell to Open,06/16/2023,37,$390.00,$2.04,$1.85,$2.25,15%,07/27/2023,N,$367.38,0.56%,5.5%,6.16%
335,UNH,Sell to Open,06/23/2023,44,$525.00,$2.71,$2.38,$3.05,18%,07/14/2023,N,$488.94,0.56%,4.61%,7.37%
336,WMT,Sell to Open,06/23/2023,44,$162.50,$0.84,$0.81,$0.88,33%,05/18/2023,Y,$152.01,0.56%,4.61%,6.9%
337,TLT,Sell to Open,06/23/2023,44,$111.00,$0.57,$0.55,$0.60,12%,,N,$103.94,0.55%,4.59%,6.79%
338,SPXL,Sell to Open,06/23/2023,44,$85.00,$0.40,$0.30,$0.50,10%,,N,$73.08,0.55%,4.54%,16.31%
339,PEP,Sell to Open,06/23/2023,44,$200.00,$1.06,$0.99,$1.15,7%,07/10/2023,N,$193.72,0.55%,4.58%,3.24%
340,ABC,Sell to Open,06/23/2023,44,$180.00,$0.92,$0.80,$1.05,6%,08/02/2023,N,$168.95,0.55%,4.54%,6.54%
341,GOOGL,Sell to Open,06/23/2023,44,$125.00,$0.60,$0.58,$0.63,12%,07/25/2023,N,$111.44,0.54%,4.5%,12.16%
342,FDN,Sell to Open,06/16/2023,37,$154.00,$0.77,$0.60,$0.95,5%,,N,$143.00,0.54%,5.35%,7.7%
343,ADM,Sell to Open,06/23/2023,44,$81.00,$0.40,$0.30,$0.50,11%,07/25/2023,N,$74.56,0.54%,4.45%,8.64%
344,IJR,Sell to Open,06/16/2023,37,$97.00,$0.50,$0.45,$0.55,20%,,N,$92.40,0.54%,5.34%,4.98%
345,FXB,Sell to Open,06/16/2023,37,$123.00,$0.65,$0.50,$0.80,2%,,N,$121.30,0.54%,5.29%,1.4%
346,MSFT,Sell to Open,06/23/2023,44,$335.00,$1.68,$1.65,$1.72,4%,07/25/2023,N,$311.60,0.54%,4.49%,7.51%
347,IJH,Sell to Open,06/16/2023,37,$255.00,$1.32,$1.20,$1.45,17%,,N,$243.39,0.54%,5.37%,4.77%
348,CCI,Sell to Open,06/16/2023,37,$130.00,$0.62,$0.55,$0.70,33%,07/19/2023,N,$119.26,0.52%,5.17%,9.01%
349,ABBV,Sell to Open,06/23/2023,44,$155.00,$0.76,$0.67,$0.86,10%,07/28/2023,N,$146.09,0.52%,4.34%,6.1%
350,XHB,Sell to Open,06/23/2023,44,$77.00,$0.37,$0.31,$0.43,11%,,N,$70.98,0.52%,4.32%,8.48%
351,BLK,Sell to Open,06/23/2023,44,$690.00,$3.25,$2.60,$3.90,21%,07/14/2023,N,$629.23,0.52%,4.28%,9.66%
352,LLY,Sell to Open,06/23/2023,44,$475.00,$2.25,$1.91,$2.60,0%,08/08/2023,N,$436.60,0.52%,4.28%,8.8%
353,SOXX,Sell to Open,06/16/2023,37,$450.00,$2.15,$2.05,$2.25,7%,,N,$412.38,0.52%,5.14%,9.12%
354,AXP,Sell to Open,06/23/2023,44,$165.00,$0.77,$0.67,$0.88,17%,07/21/2023,N,$148.61,0.52%,4.33%,11.03%
355,AAPL,Sell to Open,06/23/2023,44,$185.00,$0.90,$0.89,$0.92,1%,08/03/2023,N,$172.92,0.52%,4.34%,6.99%
356,MDT,Sell to Open,06/23/2023,44,$97.00,$0.46,$0.30,$0.63,56%,05/25/2023,Y,$89.56,0.52%,4.31%,8.31%
357,V,Sell to Open,06/23/2023,44,$245.00,$1.20,$1.15,$1.26,9%,07/25/2023,N,$229.99,0.52%,4.35%,6.53%
358,ACN,Sell to Open,06/23/2023,44,$295.00,$1.37,$1.20,$1.55,18%,06/22/2023,Y,$268.13,0.51%,4.25%,10.02%
359,VNQ,Sell to Open,06/16/2023,37,$88.00,$0.42,$0.35,$0.50,26%,,N,$82.87,0.51%,5.06%,6.19%
360,GS,Sell to Open,06/23/2023,44,$350.00,$1.65,$1.55,$1.75,21%,07/18/2023,N,$321.32,0.51%,4.26%,8.93%
361,SBUX,Sell to Open,06/23/2023,44,$114.00,$0.54,$0.52,$0.57,3%,08/01/2023,N,$106.37,0.51%,4.25%,7.17%
362,UNP,Sell to Open,06/23/2023,44,$215.00,$1.00,$0.80,$1.20,19%,07/20/2023,N,$197.92,0.51%,4.19%,8.63%
363,EA,Sell to Open,06/23/2023,44,$133.00,$0.62,$0.50,$0.75,41%,,N,$123.73,0.51%,4.19%,7.49%
364,MRK,Sell to Open,06/23/2023,44,$125.00,$0.59,$0.49,$0.69,17%,08/01/2023,N,$117.36,0.5%,4.17%,6.51%
365,AZO,Sell to Open,06/16/2023,37,"$2,950.00",$13.60,$12.20,$15.00,20%,05/23/2023,Y,"$2,721.42",0.5%,4.93%,8.4%
366,IWP,Sell to Open,06/16/2023,37,$94.00,$0.45,$0.35,$0.55,10%,,N,$89.21,0.5%,4.98%,5.37%
367,LMT,Sell to Open,06/23/2023,44,$480.00,$2.25,$1.95,$2.55,19%,07/18/2023,N,$450.32,0.5%,4.14%,6.59%
368,AMP,Sell to Open,06/16/2023,37,$320.00,$1.42,$1.30,$1.55,24%,07/26/2023,N,$289.91,0.49%,4.85%,10.38%
369,PTF,Sell to Open,06/16/2023,37,$135.00,$0.60,$0.50,$0.70,3%,,N,$122.61,0.49%,4.83%,10.11%
370,QRVO,Sell to Open,06/16/2023,37,$105.00,$0.45,$0.40,$0.50,2%,08/02/2023,N,$92.42,0.49%,4.8%,13.61%
371,AAL,Sell to Open,06/23/2023,44,$17.50,$0.07,$0.06,$0.08,8%,07/27/2023,N,$14.16,0.49%,4.1%,23.54%
372,SRE,Sell to Open,06/16/2023,37,$165.00,$0.75,$0.70,$0.80,9%,08/03/2023,N,$155.33,0.48%,4.76%,6.23%
373,XLY,Sell to Open,06/23/2023,44,$158.00,$0.70,$0.60,$0.81,5%,,N,$147.85,0.48%,3.96%,6.87%
374,ADP,Sell to Open,06/23/2023,44,$230.00,$1.02,$0.75,$1.30,8%,07/26/2023,N,$213.18,0.48%,3.99%,7.89%
375,MDLZ,Sell to Open,06/23/2023,44,$82.00,$0.37,$0.30,$0.45,7%,07/25/2023,N,$77.95,0.48%,3.99%,5.2%
376,XLB,Sell to Open,06/23/2023,44,$83.00,$0.37,$0.30,$0.45,26%,,N,$78.35,0.48%,3.97%,5.93%
377,VB,Sell to Open,06/16/2023,37,$195.00,$0.87,$0.75,$1.00,19%,,N,$184.46,0.47%,4.68%,5.71%
378,ITA,Sell to Open,06/16/2023,37,$116.00,$0.52,$0.45,$0.60,6%,,N,$111.20,0.47%,4.66%,4.32%
379,BMO,Sell to Open,06/16/2023,37,$135.00,$0.40,$0.30,$0.50,41%,05/24/2023,Y,$87.78,0.46%,4.5%,53.79%
380,IBM,Sell to Open,06/23/2023,44,$129.00,$0.56,$0.51,$0.61,12%,07/19/2023,N,$121.60,0.46%,3.82%,6.09%
381,IGV,Sell to Open,06/16/2023,37,$320.00,$1.37,$1.25,$1.50,0%,,N,$299.05,0.46%,4.54%,7.01%
382,AEO,Sell to Open,06/23/2023,44,$17.00,$0.06,$0.03,$0.09,28%,05/24/2023,Y,$12.96,0.46%,3.84%,31.19%
383,AMGN,Sell to Open,06/23/2023,44,$250.00,$1.05,$0.58,$1.53,10%,08/03/2023,N,$232.74,0.45%,3.76%,7.42%
384,TRV,Sell to Open,06/16/2023,37,$195.00,$0.82,$0.75,$0.90,20%,07/20/2023,N,$182.54,0.45%,4.46%,6.83%
385,IWM,Sell to Open,06/23/2023,44,$186.00,$0.76,$0.75,$0.78,17%,,N,$173.92,0.44%,3.65%,6.95%
386,QQQ,Sell to Open,06/23/2023,44,$344.00,$1.43,$1.41,$1.46,4%,,N,$324.14,0.44%,3.67%,6.13%
387,KMB,Sell to Open,06/23/2023,44,$150.00,$0.62,$0.45,$0.80,7%,07/25/2023,N,$143.14,0.44%,3.62%,4.79%
388,AKAM,Sell to Open,06/16/2023,37,$95.00,$0.37,$0.30,$0.45,60%,,N,$84.99,0.44%,4.35%,11.78%
389,GOLD,Sell to Open,06/23/2023,44,$24.00,$0.08,$0.07,$0.10,6%,08/07/2023,N,$19.74,0.43%,3.57%,21.55%
390,MDY,Sell to Open,06/16/2023,37,$470.00,$1.92,$1.80,$2.05,17%,,N,$445.87,0.43%,4.26%,5.41%
391,XLK,Sell to Open,06/23/2023,44,$161.00,$0.64,$0.60,$0.70,7%,,N,$151.35,0.43%,3.56%,6.38%
392,XLP,Sell to Open,06/23/2023,44,$78.50,$0.32,$0.27,$0.38,7%,,N,$76.36,0.43%,3.53%,2.8%
393,PCG,Sell to Open,06/23/2023,44,$19.00,$0.07,$0.05,$0.10,1%,08/03/2023,N,$17.30,0.43%,3.6%,9.86%
394,RTX,Sell to Open,06/23/2023,44,$103.00,$0.41,$0.37,$0.45,13%,07/25/2023,N,$95.92,0.43%,3.55%,7.38%
395,VGT,Sell to Open,06/16/2023,37,$410.00,$1.65,$1.45,$1.85,4%,,N,$386.67,0.43%,4.21%,6.03%
396,PM,Sell to Open,06/23/2023,44,$101.00,$0.40,$0.30,$0.50,18%,07/20/2023,N,$94.69,0.42%,3.5%,6.66%
397,IBB,Sell to Open,06/23/2023,44,$139.00,$0.55,$0.35,$0.75,7%,,N,$130.77,0.42%,3.49%,6.29%
398,PAYX,Sell to Open,06/16/2023,37,$115.00,$0.45,$0.35,$0.55,13%,06/28/2023,N,$107.64,0.42%,4.12%,6.84%
399,ABT,Sell to Open,06/23/2023,44,$118.00,$0.46,$0.36,$0.56,13%,07/19/2023,N,$110.29,0.42%,3.46%,6.99%
400,DRI,Sell to Open,06/16/2023,37,$160.00,$0.62,$0.55,$0.70,7%,06/22/2023,N,$148.97,0.42%,4.14%,7.4%
401,ET,Sell to Open,06/23/2023,44,$13.50,$0.05,$0.04,$0.06,0%,08/02/2023,N,$12.38,0.4%,3.35%,9%
402,MBB,Sell to Open,06/16/2023,37,$97.00,$0.37,$0.35,$0.40,38%,,N,$94.86,0.4%,3.9%,2.26%
403,IWF,Sell to Open,06/16/2023,37,$260.00,$1.00,$0.85,$1.15,3%,,N,$248.03,0.4%,3.98%,4.83%
404,VALE,Sell to Open,06/23/2023,44,$17.00,$0.05,$0.03,$0.08,9%,07/27/2023,N,$13.94,0.39%,3.27%,21.95%
405,IVV,Sell to Open,06/23/2023,44,$430.00,$1.62,$1.40,$1.85,11%,,N,$413.32,0.39%,3.26%,4.04%
406,XLI,Sell to Open,06/23/2023,44,$104.00,$0.38,$0.34,$0.42,17%,,N,$98.54,0.39%,3.2%,5.54%
407,GD,Sell to Open,06/23/2023,44,$225.00,$0.82,$0.60,$1.05,10%,07/26/2023,N,$210.26,0.39%,3.25%,7.01%
408,AME,Sell to Open,06/16/2023,37,$155.00,$0.55,$0.35,$0.75,14%,08/01/2023,N,$143.71,0.38%,3.78%,7.86%
409,IEI,Sell to Open,06/16/2023,37,$121.00,$0.45,$0.40,$0.50,39%,,N,$118.67,0.38%,3.74%,1.96%
410,IWN,Sell to Open,06/16/2023,37,$139.00,$0.50,$0.35,$0.65,40%,,N,$131.19,0.38%,3.76%,5.95%
411,HON,Sell to Open,06/23/2023,44,$210.00,$0.75,$0.65,$0.85,12%,07/27/2023,N,$196.10,0.38%,3.17%,7.09%
412,JETS,Sell to Open,06/23/2023,44,$20.00,$0.06,$0.05,$0.08,5%,,N,$17.85,0.36%,3.02%,12.04%
413,VMC,Sell to Open,06/16/2023,37,$210.00,$0.70,$0.65,$0.75,0%,08/03/2023,N,$195.33,0.36%,3.54%,7.51%
414,MCD,Sell to Open,06/23/2023,44,$310.00,$1.00,$0.54,$1.46,11%,07/25/2023,N,$295.43,0.34%,2.81%,4.93%
415,UPS,Sell to Open,06/23/2023,44,$185.00,$0.57,$0.51,$0.64,10%,07/25/2023,N,$170.89,0.34%,2.79%,8.26%
416,RSP,Sell to Open,06/16/2023,37,$148.00,$0.47,$0.40,$0.55,15%,,N,$141.75,0.34%,3.31%,4.41%
417,IYT,Sell to Open,06/16/2023,37,$240.00,$0.75,$0.65,$0.85,11%,,N,$224.61,0.33%,3.29%,6.85%
418,ORLY,Sell to Open,06/16/2023,37,"$1,010.00",$3.12,$1.75,$4.50,8%,07/26/2023,N,$948.00,0.33%,3.25%,6.54%
419,JNJ,Sell to Open,06/23/2023,44,$170.00,$0.53,$0.48,$0.59,13%,07/20/2023,N,$161.40,0.33%,2.75%,5.33%
420,XLV,Sell to Open,06/23/2023,44,$138.00,$0.44,$0.37,$0.51,15%,,N,$132.52,0.33%,2.75%,4.14%
421,ALL,Sell to Open,06/16/2023,37,$130.00,$0.37,$0.30,$0.45,23%,08/02/2023,N,$117.54,0.32%,3.15%,10.6%
422,DIA,Sell to Open,06/23/2023,44,$349.00,$1.07,$1.00,$1.15,13%,,N,$334.19,0.32%,2.67%,4.43%
423,SPY,Sell to Open,06/23/2023,44,$430.00,$1.33,$1.32,$1.34,12%,,N,$411.51,0.32%,2.68%,4.49%
424,SIVR,Sell to Open,06/16/2023,37,$30.00,$0.07,$0.05,$0.10,30%,,N,$24.36,0.31%,3.04%,23.13%
425,SAP,Sell to Open,06/16/2023,37,$145.00,$0.40,$0.35,$0.45,12%,07/20/2023,N,$134.56,0.3%,2.93%,7.76%
426,VOO,Sell to Open,06/16/2023,37,$395.00,$1.12,$1.05,$1.20,11%,,N,$378.07,0.3%,2.94%,4.48%
427,VLO,Sell to Open,06/16/2023,37,$135.00,$0.32,$0.30,$0.34,20%,07/27/2023,N,$111.63,0.29%,2.83%,20.94%
428,AMT,Sell to Open,06/16/2023,37,$220.00,$0.57,$0.50,$0.65,32%,07/27/2023,N,$196.44,0.29%,2.89%,11.99%
429,IEF,Sell to Open,06/23/2023,44,$104.50,$0.29,$0.27,$0.31,28%,,N,$99.68,0.29%,2.41%,4.84%
430,BOX,Sell to Open,06/16/2023,37,$35.00,$0.07,$0.05,$0.10,28%,05/30/2023,Y,$27.17,0.28%,2.72%,28.82%
431,LQD,Sell to Open,06/23/2023,44,$112.50,$0.29,$0.25,$0.33,12%,,N,$108.49,0.27%,2.22%,3.7%
432,TIP,Sell to Open,06/16/2023,37,$114.00,$0.29,$0.27,$0.32,41%,,N,$109.55,0.27%,2.66%,4.06%
433,XLF,Sell to Open,06/23/2023,44,$34.50,$0.08,$0.07,$0.10,12%,,N,$31.97,0.27%,2.21%,7.91%
434,KMI,Sell to Open,06/23/2023,44,$18.50,$0.04,$0.02,$0.06,18%,07/19/2023,N,$16.78,0.24%,1.98%,10.22%
435,GLW,Sell to Open,06/23/2023,44,$35.00,$0.07,$0.05,$0.10,11%,07/25/2023,N,$31.21,0.24%,1.99%,12.14%
436,PG,Sell to Open,06/23/2023,44,$162.50,$0.36,$0.29,$0.44,7%,07/28/2023,N,$153.43,0.24%,1.97%,5.91%
437,MPLX,Sell to Open,06/16/2023,37,$36.00,$0.07,$0.05,$0.10,6%,08/01/2023,N,$34.09,0.22%,2.17%,5.6%
438,BP,Sell to Open,06/23/2023,44,$42.00,$0.08,$0.06,$0.10,15%,08/01/2023,N,$36.77,0.22%,1.8%,14.22%
439,WBA,Sell to Open,06/23/2023,44,$36.00,$0.06,$0.04,$0.09,20%,06/29/2023,N,$31.46,0.21%,1.71%,14.43%
440,STLD,Sell to Open,06/16/2023,37,$125.00,$0.20,$0.10,$0.30,22%,07/19/2023,N,$95.61,0.21%,2.06%,30.74%
441,PFE,Sell to Open,06/23/2023,44,$42.00,$0.07,$0.04,$0.11,2%,07/25/2023,N,$38.28,0.2%,1.63%,9.73%
442,VZ,Sell to Open,06/23/2023,44,$41.00,$0.07,$0.06,$0.09,13%,07/25/2023,N,$37.48,0.2%,1.66%,9.39%
443,VWO,Sell to Open,06/16/2023,37,$43.00,$0.07,$0.05,$0.10,7%,,N,$40.16,0.19%,1.84%,7.06%
444,IAU,Sell to Open,06/16/2023,37,$43.00,$0.07,$0.05,$0.10,9%,,N,$38.52,0.19%,1.92%,11.64%
445,BK,Sell to Open,06/16/2023,37,$50.00,$0.07,$0.05,$0.10,21%,07/13/2023,N,$40.97,0.18%,1.81%,22.04%
446,BAC,Sell to Open,06/23/2023,44,$32.00,$0.05,$0.04,$0.06,27%,07/18/2023,N,$27.20,0.18%,1.52%,17.63%
447,EXC,Sell to Open,06/16/2023,37,$48.00,$0.07,$0.05,$0.10,5%,08/02/2023,N,$42.71,0.18%,1.73%,12.39%
448,EPD,Sell to Open,06/23/2023,44,$28.00,$0.04,$0.01,$0.08,9%,08/03/2023,N,$25.63,0.18%,1.46%,9.25%
449,TSN,Sell to Open,06/16/2023,37,$57.50,$0.07,$0.05,$0.10,35%,08/07/2023,N,$47.51,0.16%,1.56%,21.03%
450,UUP,Sell to Open,06/23/2023,44,$29.00,$0.04,$0.02,$0.07,1%,,N,$27.75,0.16%,1.35%,4.5%
451,BNS,Sell to Open,06/16/2023,37,$55.00,$0.07,$0.05,$0.10,39%,05/24/2023,Y,$49.34,0.15%,1.5%,11.48%
452,UL,Sell to Open,06/16/2023,37,$57.50,$0.07,$0.05,$0.10,6%,07/25/2023,N,$54.05,0.14%,1.37%,6.37%
453,BSX,Sell to Open,06/16/2023,37,$60.00,$0.07,$0.05,$0.10,13%,07/26/2023,N,$53.14,0.14%,1.39%,12.9%
454,EEM,Sell to Open,06/23/2023,44,$42.00,$0.05,$0.04,$0.07,2%,,N,$39.10,0.14%,1.17%,7.42%
455,KHC,Sell to Open,06/23/2023,44,$44.00,$0.05,$0.03,$0.08,6%,08/02/2023,N,$40.69,0.14%,1.12%,8.13%
456,EWW,Sell to Open,05/19/2023,9,$67.00,$0.07,$0.05,$0.10,9%,,N,$62.77,0.12%,4.85%,6.74%
457,FTV,Sell to Open,06/16/2023,37,$75.00,$0.07,$0.05,$0.10,11%,07/27/2023,N,$64.38,0.12%,1.15%,16.5%
458,MO,Sell to Open,06/23/2023,44,$50.00,$0.05,$0.03,$0.08,11%,08/01/2023,N,$45.68,0.12%,1%,9.45%
459,IEFA,Sell to Open,06/16/2023,37,$75.00,$0.07,$0.05,$0.10,8%,,N,$68.58,0.11%,1.08%,9.36%
460,FTNT,Sell to Open,06/16/2023,37,$85.00,$0.07,$0.05,$0.10,2%,08/02/2023,N,$67.03,0.11%,1.1%,26.81%
461,K,Sell to Open,06/16/2023,37,$77.50,$0.07,$0.05,$0.10,6%,08/03/2023,N,$70.41,0.11%,1.05%,10.07%
462,HYG,Sell to Open,06/23/2023,44,$77.00,$0.07,$0.04,$0.11,4%,,N,$74.71,0.1%,0.83%,3.07%
463,PPH,Sell to Open,06/16/2023,37,$84.00,$0.07,$0.05,$0.10,8%,,N,$79.16,0.09%,0.93%,6.11%
464,GIS,Sell to Open,06/16/2023,37,$97.50,$0.07,$0.05,$0.10,14%,06/28/2023,N,$89.55,0.08%,0.83%,8.88%
465,JNK,Sell to Open,06/16/2023,37,$99.00,$0.07,$0.05,$0.10,4%,,N,$91.70,0.08%,0.81%,7.96%
466,ED,Sell to Open,06/16/2023,37,$110.00,$0.07,$0.05,$0.10,9%,08/03/2023,N,$99.14,0.08%,0.75%,10.95%
467,FXE,Sell to Open,06/16/2023,37,$106.00,$0.07,$0.05,$0.10,4%,,N,$101.29,0.07%,0.73%,4.65%
468,FXY,Sell to Open,06/16/2023,37,$90.00,$0.05,$0.00,$0.10,5%,,N,$69.34,0.07%,0.71%,29.79%
469,FXF,Sell to Open,06/16/2023,37,$105.00,$0.07,$0.05,$0.10,11%,,N,$100.13,0.07%,0.74%,4.87%
470,CL,Sell to Open,06/16/2023,37,$90.00,$0.05,$0.00,$0.10,3%,07/28/2023,N,$80.85,0.06%,0.61%,11.32%
471,CNI,Sell to Open,06/16/2023,37,$140.00,$0.07,$0.05,$0.10,10%,07/25/2023,N,$121.07,0.06%,0.61%,15.64%
472,DUK,Sell to Open,06/16/2023,37,$110.00,$0.05,$0.05,$0.05,14%,,N,$98.63,0.05%,0.5%,11.53%
